x,y,z
0.0,0.06700000166893,0.3160000145435333
0.0,0.0280000008642673,0.1340000033378601
0.0,0.0320000015199184,0.1519999951124191
0.0,0.0410000011324882,0.2000000029802322
0.0,0.0199999995529651,0.096000000834465
-0.0010000000474974,0.0189999993890523,0.0979999974370002
-0.0010000000474974,0.0189999993890523,0.0920000001788139
0.0,0.0340000018477439,0.1650000065565109
0.0,0.0130000002682209,0.061999998986721
0.0,0.025000000372529,0.1129999980330467
0.0,0.0,-0.0040000001899898
-0.0010000000474974,0.0230000000447034,0.1059999987483024
-0.0020000000949949,0.0359999984502792,0.164000004529953
0.0,0.0120000001043081,0.0560000017285347
-0.0020000000949949,0.0350000001490116,0.1689999997615814
0.0,0.0160000007599592,0.0759999975562095
-0.7649999856948853,-2.9600000381469727,1.1890000104904177
-0.8899999856948853,-2.9719998836517334,1.0420000553131104
-0.8330000042915344,-2.884999990463257,1.184000015258789
-0.8600000143051147,-2.8410000801086426,1.2699999809265137
-0.7319999933242798,-2.782999992370605,1.3760000467300415
-0.6759999990463257,-2.947999954223633,1.5859999656677246
-0.640999972820282,-2.8340001106262207,1.3890000581741333
-0.7839999794960022,-2.8510000705718994,1.3450000286102295
-0.859000027179718,-2.921999931335449,1.305999994277954
-0.7889999747276306,-2.875999927520752,1.215000033378601
-0.7129999995231628,-2.740999937057495,1.2369999885559082
-0.5149999856948853,-2.8420000076293945,1.2380000352859497
-0.6140000224113464,-2.828000068664551,1.241000056266785
-0.625,-2.8299999237060547,1.2480000257492063
-0.7300000190734863,-2.6640000343322754,1.190999984741211
-0.6669999957084656,-2.5409998893737797,1.097000002861023
-0.6539999842643738,-2.450999975204468,1.1399999856948853
-0.578000009059906,-2.319999933242798,0.9959999918937684
-0.5910000205039978,-2.259000062942505,0.9660000205039978
-0.527999997138977,-2.1559998989105225,0.7910000085830688
-0.5600000023841858,-2.061000108718872,0.7950000166893005
-0.4650000035762787,-1.9359999895095823,0.8309999704360962
-0.3729999959468841,-1.9149999618530276,0.734000027179718
-0.395000010728836,-1.781000018119812,0.6050000190734863
-0.3580000102519989,-1.7200000286102295,0.6420000195503235
-0.25,-1.5729999542236328,0.6320000290870667
-0.2280000001192093,-1.4010000228881836,0.5450000166893005
-0.2849999964237213,-1.3389999866485596,0.4699999988079071
-0.2119999974966049,-1.2669999599456787,0.4149999916553497
-0.2440000027418136,-1.0829999446868896,0.4480000138282776
-0.2199999988079071,-0.9399999976158142,0.4950000047683716
-0.1759999990463256,-0.8840000033378601,0.4460000097751617
-0.1129999980330467,-0.8059999942779541,0.4390000104904175
-0.2269999980926513,-0.671999990940094,0.492000013589859
-0.1439999938011169,-0.6169999837875366,0.4199999868869781
-0.1000000014901161,-0.4480000138282776,0.449999988079071
-0.0480000004172325,-0.3709999918937683,0.1780000030994415
-0.006000000052154,-0.296999990940094,0.1070000007748603
-0.0560000017285347,-0.1770000010728836,0.0410000011324882
-0.0460000000894069,-0.0780000016093254,0.1099999994039535
0.0179999992251396,-0.0160000007599592,0.1309999972581863
-0.0810000002384185,0.0630000010132789,0.181999996304512
0.1280000060796737,0.0489999987185001,0.1509999930858612
0.025000000372529,0.0839999988675117,0.1459999978542328
0.0769999995827674,0.0419999994337558,0.1519999951124191
-0.0080000003799796,0.0839999988675117,0.0299999993294477
-0.0769999995827674,0.0419999994337558,-0.0399999991059303
-0.0379999987781047,0.0209999997168779,0.1720000058412552
0.0010000000474974,-0.0340000018477439,0.2630000114440918
-0.0570000000298023,0.1030000001192092,0.3849999904632568
0.1209999993443489,0.0549999997019767,0.3650000095367431
0.0359999984502792,0.0719999969005584,0.2460000067949295
0.0410000011324882,0.1870000064373016,0.0710000023245811
0.0189999993890523,0.1159999966621398,-0.0689999982714653
0.0570000000298023,0.0860000029206276,-0.0649999976158142
-0.0520000010728836,0.101000003516674,-0.0930000022053718
0.0740000009536743,0.0509999990463256,-0.0309999994933605
0.0280000008642673,0.1209999993443489,-0.0230000000447034
0.0209999997168779,0.0879999995231628,0.181999996304512
0.1889999955892563,0.0590000003576278,0.135000005364418
0.1180000007152557,0.1150000020861625,0.1110000014305114
0.0920000001788139,0.1089999973773956,-0.003000000026077
0.1410000026226043,0.1270000040531158,0.19200000166893
0.1669999957084655,0.025000000372529,0.238999992609024
0.1280000060796737,0.125,0.3230000138282776
0.0680000036954879,0.0320000015199184,0.3400000035762787
0.0780000016093254,0.061999998986721,0.2430000007152557
0.1030000001192092,0.0820000022649765,0.0509999990463256
0.0649999976158142,0.0930000022053718,-0.1990000009536743
-0.0089999996125698,0.2119999974966049,-0.2730000019073486
0.0799999982118606,0.1280000060796737,-0.3490000069141388
0.2029999941587448,0.3300000131130218,-0.2939999997615814
0.3190000057220459,0.3510000109672546,-0.0890000015497207
0.3389999866485595,0.1780000030994415,0.0799999982118606
0.1899999976158142,0.1120000034570694,0.1070000007748603
0.1430000066757202,0.0659999996423721,0.1490000039339065
0.0489999987185001,-0.0040000001899898,0.0630000010132789
0.101000003516674,0.0509999990463256,0.1979999989271164
0.1560000032186508,0.1129999980330467,0.1889999955892563
0.0780000016093254,0.101000003516674,0.1159999966621398
0.1599999964237213,0.1040000021457672,0.1410000026226043
0.1720000058412552,0.0410000011324882,0.1780000030994415
0.1909999996423721,0.0,0.2169999927282333
0.0350000001490116,0.0120000001043081,0.221000000834465
0.0340000018477439,0.0570000000298023,0.1770000010728836
-0.0010000000474974,0.0080000003799796,0.238999992609024
0.0710000023245811,0.0130000002682209,0.1860000044107437
0.090999998152256,0.0549999997019767,0.3219999969005584
0.2220000028610229,0.0599999986588954,0.4329999983310699
0.1599999964237213,0.0750000029802322,0.3819999992847442
0.1369999945163726,0.123999997973442,0.3310000002384186
0.0659999996423721,0.1129999980330467,0.1169999986886978
-0.0410000011324882,0.135000005364418,0.0410000011324882
-0.0890000015497207,0.0729999989271164,0.1040000021457672
0.0579999983310699,-0.032999999821186,0.2300000041723251
-0.0700000002980232,0.0370000004768371,0.2840000092983246
-0.1659999936819076,-0.0320000015199184,0.5009999871253967
-0.0810000002384185,-0.1280000060796737,0.2610000073909759
-0.0049999998882412,-0.0529999993741512,0.2039999961853027
0.0010000000474974,0.0869999974966049,0.1679999977350235
0.090999998152256,0.1650000065565109,0.1560000032186508
0.2590000033378601,0.1969999969005584,0.2189999967813491
0.1089999973773956,0.2440000027418136,0.3120000064373016
0.2220000028610229,0.2560000121593475,0.3160000145435333
0.1410000026226043,0.2060000002384185,0.4769999980926513
0.0890000015497207,0.2160000056028366,0.6359999775886536
-0.3100000023841858,-0.0370000004768371,0.8090000152587891
-0.4550000131130218,0.0,0.7429999709129333
-0.5820000171661377,0.0930000022053718,0.546999990940094
-0.3889999985694885,0.1720000058412552,0.3980000019073486
-0.1369999945163726,0.2509999871253967,0.003000000026077
0.1379999965429306,0.4449999928474426,-0.1169999986886978
0.515999972820282,0.6639999747276306,-0.0379999987781047
0.7039999961853027,0.7749999761581421,0.0680000036954879
0.5199999809265137,0.7099999785423279,0.0750000029802322
-1.1139999628067017,-1.3350000381469729,0.0340000018477439
-1.9989999532699585,-2.059999942779541,-0.9589999914169312
-2.0810000896453857,-0.3199999928474426,-0.0439999997615814
-3.0230000019073486,0.5879999995231628,0.3799999952316284
-0.7350000143051147,0.2660000026226043,1.2289999723434448
0.1940000057220459,-0.3880000114440918,1.0759999752044678
0.824999988079071,-0.5249999761581421,0.6589999794960022
0.8090000152587891,-0.2930000126361847,0.0869999974966049
0.3289999961853027,0.2049999982118606,-0.2680000066757202
-0.1909999996423721,0.3919999897480011,-0.5720000267028809
-0.4639999866485595,0.5109999775886536,-0.9559999704360962
-0.6869999766349792,0.6380000114440918,-1.0829999446868896
-0.7269999980926514,0.4930000007152557,-1.1069999933242798
-0.6150000095367432,0.5180000066757202,-0.8209999799728394
-0.703000009059906,0.4329999983310699,-0.181999996304512
-0.5070000290870667,0.4460000097751617,0.1099999994039535
-0.5139999985694885,0.3729999959468841,0.2560000121593475
-0.9610000252723694,0.296999990940094,0.6620000004768372
-1.0679999589920044,0.3819999992847442,1.3170000314712524
-0.9369999766349792,0.5090000033378601,1.121000051498413
-1.159000039100647,0.5759999752044678,1.2380000352859497
-1.662999987602234,0.6840000152587891,1.0959999561309814
-1.7170000076293943,0.9179999828338624,0.9490000009536744
-1.7380000352859497,1.0399999618530271,0.5640000104904175
-1.7769999504089355,1.125,0.1509999930858612
-1.5640000104904177,0.9990000128746032,-0.1550000011920929
-1.47599995136261,0.8989999890327454,-0.753000020980835
-1.1579999923706057,0.7870000004768372,-0.9810000061988832
-1.184000015258789,0.5519999861717224,-1.2799999713897705
-1.1820000410079956,0.3989999890327453,-1.2970000505447388
-1.2619999647140503,0.163000002503395,-1.1100000143051147
-1.437000036239624,-0.1990000009536743,-1.0850000381469729
-1.4320000410079956,-0.3230000138282776,-0.5519999861717224
-1.5499999523162842,-0.5400000214576721,-0.5360000133514404
-1.6959999799728394,-0.6470000147819519,-0.4359999895095825
-1.6410000324249268,-0.6179999709129333,-0.5189999938011169
-1.5230000019073486,-0.5040000081062317,-0.5870000123977661
-0.8149999976158142,-0.2960000038146972,-0.3339999914169311
-0.5640000104904175,-0.3300000131130218,0.0109999999403953
-0.1230000033974647,-0.4760000109672546,0.328000009059906
0.3179999887943268,-0.6019999980926514,0.7049999833106995
0.356000006198883,-0.5540000200271606,0.9829999804496764
0.5509999990463257,-0.6420000195503235,1.2089999914169312
0.5820000171661377,-0.7170000076293945,0.9330000281333924
0.6579999923706055,-0.7799999713897705,0.6610000133514404
0.5109999775886536,-0.7879999876022339,0.1899999976158142
0.4160000085830688,-0.8019999861717224,0.0170000009238719
0.3600000143051147,-0.6439999938011169,-0.0989999994635582
0.5690000057220459,-0.578000009059906,-0.0579999983310699
1.2029999494552612,-0.367000013589859,0.1469999998807907
1.7730000019073486,-0.238999992609024,0.4580000042915344
2.3399999141693115,-0.0860000029206276,0.628000020980835
2.765000104904175,0.1340000033378601,0.6940000057220459
3.151000022888184,0.2809999883174896,0.5040000081062317
3.226999998092652,0.4110000133514404,0.6660000085830688
3.250999927520752,0.593999981880188,0.621999979019165
3.058000087738037,0.5929999947547913,0.4679999947547912
3.0969998836517334,0.5759999752044678,0.2049999982118606
2.621000051498413,0.6439999938011169,-0.0430000014603138
2.4579999446868896,0.8429999947547913,0.0140000004321336
2.365999937057495,0.7409999966621399,0.061999998986721
2.4800000190734863,0.8429999947547913,0.1389999985694885
2.691999912261963,0.906000018119812,0.0460000000894069
2.805999994277954,1.069000005722046,0.2840000092983246
2.75,0.9769999980926514,0.0370000004768371
2.5420000553131104,1.0479999780654907,-0.2450000047683715
2.115999937057495,1.0390000343322754,-0.1840000003576278
1.7610000371932983,1.0369999408721924,-0.0689999982714653
1.7239999771118164,1.031999945640564,-0.0209999997168779
1.7230000495910645,0.9769999980926514,-0.0439999997615814
1.7910000085830688,1.0479999780654907,0.1330000013113021
1.75600004196167,0.9629999995231628,0.375
1.5729999542236328,0.9340000152587892,0.5289999842643738
1.3969999551773071,0.9100000262260436,0.4970000088214874
1.2890000343322754,0.8009999990463257,0.1870000064373016
1.0889999866485596,0.7799999713897705,-0.2560000121593475
0.7749999761581421,0.9340000152587892,-0.4440000057220459
0.453000009059906,0.9210000038146972,-0.7009999752044678
0.1379999965429306,0.7649999856948853,-0.7160000205039978
-0.2529999911785126,0.3389999866485595,-0.8809999823570251
-1.4019999504089355,-0.5630000233650208,-0.277999997138977
-0.9929999709129332,0.3009999990463257,0.1140000000596046
-0.4600000083446502,0.6510000228881836,0.0729999989271164
0.7139999866485596,0.6840000152587891,-0.3190000057220459
1.0080000162124634,0.9240000247955322,-0.2230000048875808
0.4020000100135803,0.7749999761581421,-0.5099999904632568
0.0390000008046627,0.6729999780654907,-1.0329999923706057
0.2220000028610229,0.9639999866485596,-1.1579999923706057
0.5429999828338623,0.9739999771118164,-0.8600000143051147
0.6209999918937683,0.9629999995231628,-0.6940000057220459
0.6019999980926514,0.6629999876022339,-0.492000013589859
0.3610000014305115,0.3740000128746032,-0.4070000052452087
-0.0350000001490116,0.3300000131130218,-0.1199999973177909
-0.2630000114440918,0.0469999983906745,0.1480000019073486
-0.3529999852180481,-0.2440000027418136,-0.0070000002160668
-0.3759999871253967,-0.3379999995231628,-0.101000003516674
-0.3569999933242798,-0.3980000019073486,-0.1459999978542328
-0.5820000171661377,-0.875,-0.164000004529953
-1.2230000495910645,-1.241000056266785,0.2750000059604645
-1.2699999809265137,-1.0529999732971191,0.800000011920929
-0.7229999899864197,-0.5770000219345093,1.1239999532699585
-0.1539999991655349,-0.1609999984502792,1.1549999713897705
0.19200000166893,-0.025000000372529,0.8479999899864197
0.5720000267028809,0.1019999980926513,0.6859999895095825
0.906000018119812,0.2560000121593475,0.6669999957084656
1.1030000448226929,0.2669999897480011,0.4819999933242798
1.2999999523162842,0.4720000028610229,0.375
1.246999979019165,0.5199999809265137,0.1650000065565109
0.9580000042915344,0.6899999976158142,0.0379999987781047
0.7710000276565552,0.8420000076293945,-0.1330000013113021
0.6940000057220459,1.0260000228881836,-0.3610000014305115
0.8190000057220459,0.9070000052452089,-0.5870000123977661
0.7649999856948853,0.9010000228881836,-0.3569999933242798
0.6039999723434448,0.8669999837875366,-0.2169999927282333
0.3089999854564667,0.5040000081062317,-0.1089999973773956
0.2949999868869781,0.238999992609024,-0.0010000000474974
0.3030000030994415,-0.0729999989271164,0.1710000038146972
0.2829999923706054,-0.2860000133514404,0.3499999940395355
0.0700000002980232,-0.3030000030994415,0.6470000147819519
-0.3519999980926513,-0.3190000057220459,0.6269999742507935
-0.718999981880188,-0.2150000035762787,0.5239999890327454
-0.6340000033378601,0.1180000007152557,0.3019999861717224
-0.5860000252723694,0.4250000119209289,0.2599999904632568
-0.3059999942779541,0.5529999732971191,0.1739999949932098
-0.1230000033974647,0.7129999995231628,-0.2689999938011169
-0.0299999993294477,0.8960000276565552,-0.6000000238418579
-0.1400000005960464,0.9290000200271606,-0.8059999942779541
-0.640999972820282,0.8759999871253967,-0.9789999723434448
-1.00600004196167,0.8980000019073486,-0.977999985218048
-1.2949999570846558,0.8849999904632568,-0.5899999737739563
-1.6380000114440918,0.9990000128746032,-0.1110000014305114
-1.7130000591278076,1.1130000352859497,0.3479999899864197
-1.616000056266785,1.281999945640564,0.5669999718666077
-1.25,1.4830000400543213,0.7260000109672546
-0.8339999914169312,1.434999942779541,0.4149999916553497
-0.3980000019073486,1.5549999475479126,0.3529999852180481
-0.5139999985694885,1.61899995803833,0.6700000166893005
-0.5049999952316284,1.6069999933242798,1.1050000190734863
-0.8220000267028809,1.4839999675750732,1.3589999675750732
-1.284999966621399,1.225000023841858,1.184000015258789
-1.6749999523162842,0.8429999947547913,1.1430000066757202
-2.013000011444092,0.4749999940395355,0.7630000114440918
-2.052000045776367,0.1059999987483024,0.6869999766349792
-1.944000005722046,-0.2319999933242797,0.7480000257492065
-1.963000059127808,-0.3160000145435333,1.156999945640564
-1.8849999904632568,-0.4339999854564667,1.6890000104904177
-1.7369999885559082,-0.4979999959468841,2.0460000038146973
-1.5759999752044678,-0.6740000247955322,2.2799999713897705
-1.4010000228881836,-0.7039999961853027,2.2839999198913574
-0.9490000009536744,-0.8320000171661377,2.2249999046325684
-0.9380000233650208,-0.7889999747276306,1.8200000524520876
-1.4459999799728394,-0.6259999871253967,0.968999981880188
-1.590999960899353,-0.6759999990463257,0.8159999847412109
-1.1710000038146973,-0.7089999914169312,1.006999969482422
-0.9340000152587892,-0.7200000286102295,1.340999960899353
-0.6050000190734863,-0.6460000276565552,1.590999960899353
-0.5910000205039978,-0.5870000123977661,1.684999942779541
-0.8880000114440918,-0.6460000276565552,1.7330000400543213
-1.1380000114440918,-0.6359999775886536,1.6690000295639038
-1.3700000047683716,-0.902999997138977,1.6169999837875366
-1.4950000047683716,-1.1460000276565552,1.5169999599456787
-1.6710000038146973,-1.3029999732971191,1.475000023841858
-1.5169999599456787,-1.5299999713897705,1.4989999532699585
-1.375,-1.5759999752044678,1.5180000066757202
-1.1929999589920044,-1.6230000257492063,1.5549999475479126
-1.024999976158142,-1.5770000219345093,1.8899999856948853
-0.9100000262260436,-1.4210000038146973,2.2309999465942383
-1.0920000076293943,-1.3109999895095823,2.4600000381469727
-1.3070000410079956,-1.3320000171661377,2.369999885559082
-1.7719999551773071,-1.3860000371932983,2.2109999656677246
-2.124000072479248,-1.5429999828338623,1.962000012397766
-2.421999931335449,-1.5950000286102295,1.6519999504089355
-2.2739999294281006,-1.7009999752044678,1.5390000343322754
-2.21399998664856,-1.815999984741211,1.215999960899353
-1.7359999418258667,-1.61899995803833,0.8140000104904175
-1.5199999809265137,-0.7639999985694885,-0.4079999923706054
-1.4600000381469729,-0.5519999861717224,-1.0670000314712524
-1.2899999618530271,-0.4699999988079071,-1.8450000286102293
-1.006999969482422,-0.2269999980926513,-2.361999988555908
-0.8939999938011169,-0.0230000000447034,-2.365999937057495
-1.1519999504089355,0.1099999994039535,-2.256999969482422
-1.0190000534057615,0.003000000026077,-1.932000041007996
-1.1440000534057615,-0.0759999975562095,-1.7170000076293943
-1.4179999828338623,-0.3849999904632568,-1.5429999828338623
-1.4529999494552612,-0.5329999923706055,-1.531000018119812
-1.7089999914169312,-0.5070000290870667,-1.3980000019073486
-1.7660000324249268,-0.5600000023841858,-1.2669999599456787
-1.50600004196167,-0.6190000176429749,-0.99099999666214
-1.6080000400543213,-0.800000011920929,-0.7459999918937683
-1.4190000295639038,-0.890999972820282,-0.4900000095367431
-1.1779999732971191,-0.9789999723434448,-0.3070000112056732
-0.7269999980926514,-1.1660000085830688,0.1099999994039535
-0.3310000002384186,-1.1080000400543213,0.6439999938011169
-0.0900000035762786,-1.059999942779541,1.1200000047683716
-0.2329999953508377,-1.2269999980926514,1.27400004863739
-0.3339999914169311,-1.2230000495910645,1.1330000162124634
-0.3499999940395355,-1.3320000171661377,0.7450000047683716
-0.44200000166893,-1.128999948501587,0.1990000009536743
-0.4970000088214874,-0.859000027179718,-0.4779999852180481
-0.4950000047683716,-0.6320000290870667,-1.1230000257492063
-0.2860000133514404,-0.4490000009536743,-1.5789999961853027
0.1770000010728836,-0.2049999982118606,-1.9989999532699585
0.5730000138282776,0.0780000016093254,-2.2219998836517334
0.7360000014305115,0.453000009059906,-2.311000108718872
1.008999943733215,0.652999997138977,-2.2249999046325684
1.184000015258789,0.8410000205039978,-2.052999973297119
1.3450000286102295,0.5600000023841858,-1.965000033378601
1.3079999685287476,0.4120000004768371,-1.4800000190734863
1.1519999504089355,0.1389999985694885,-1.0149999856948853
1.2389999628067017,0.1230000033974647,-0.5830000042915344
1.5850000381469729,0.0070000002160668,-0.1710000038146972
1.7309999465942385,0.1150000020861625,0.0010000000474974
1.7690000534057615,-0.0509999990463256,-0.0430000014603138
2.0510001182556152,-0.0520000010728836,-0.6489999890327454
2.049000024795532,-0.1000000014901161,-0.6779999732971191
1.7669999599456787,-0.2989999949932098,-0.5320000052452087
1.6920000314712524,-0.5149999856948853,-0.3129999935626983
1.662999987602234,-0.6850000023841858,0.0
1.5180000066757202,-0.9879999756813048,0.0829999968409538
1.475000023841858,-1.0779999494552612,0.2360000014305114
1.715000033378601,-1.0850000381469729,0.4490000009536743
2.236999988555908,-0.9990000128746032,0.335999995470047
2.384000062942505,-0.7649999856948853,0.3619999885559082
2.836999893188477,-0.4760000109672546,0.3019999861717224
3.046999931335449,-0.3210000097751617,0.289000004529953
3.118000030517578,-0.3470000028610229,0.1469999998807907
3.0920000076293945,-0.1860000044107437,0.1309999972581863
3.065999984741211,-0.2199999988079071,0.3070000112056732
2.8550000190734863,-0.3849999904632568,0.2630000114440918
2.681999921798706,-0.453000009059906,0.3659999966621399
2.461999893188477,-0.5889999866485596,0.2160000056028366
2.259999990463257,-0.6880000233650208,-0.0509999990463256
2.086999893188477,-0.4939999878406524,-0.2800000011920929
2.01200008392334,-0.3120000064373016,-0.4429999887943268
1.9700000286102293,-0.2049999982118606,-0.5550000071525574
2.0299999713897705,0.2150000035762787,-0.6940000057220459
2.0980000495910645,0.3610000014305115,-0.5709999799728394
2.069999933242798,0.5080000162124634,-0.3779999911785126
2.3910000324249268,0.4839999973773956,-0.0460000000894069
2.371000051498413,0.4819999933242798,-0.0390000008046627
2.4809999465942383,0.4079999923706054,-0.0970000028610229
1.715999960899353,0.6380000114440918,-0.8240000009536743
1.055999994277954,0.843999981880188,-1.184999942779541
0.6729999780654907,0.9610000252723694,-1.493000030517578
0.3619999885559082,1.087000012397766,-1.559000015258789
0.2269999980926513,1.187000036239624,-1.3450000286102295
0.0900000035762786,1.3619999885559082,-0.8709999918937683
0.1439999938011169,1.3910000324249268,-0.4169999957084656
0.3319999873638153,1.27400004863739,0.0850000008940696
0.5770000219345093,1.1640000343322754,0.3549999892711639
0.5429999828338623,1.2580000162124634,0.7839999794960022
0.0410000011324882,1.3919999599456787,0.7910000085830688
-0.2899999916553497,1.468999981880188,0.5350000262260437
-0.7139999866485596,1.3880000114440918,0.3709999918937683
-1.1510000228881836,1.3580000400543213,0.0179999992251396
-1.27400004863739,1.2549999952316284,-0.0949999988079071
-1.4730000495910645,1.162999987602234,-0.2150000035762787
-1.3200000524520874,1.14900004863739,-0.5529999732971191
-1.11899995803833,1.1399999856948853,-0.4399999976158142
-0.7879999876022339,1.1230000257492063,-0.1889999955892563
-0.2649999856948852,0.9879999756813048,0.1099999994039535
-0.25,0.8019999861717224,0.3000000119209289
-0.231000006198883,0.5289999842643738,0.3079999983310699
-0.2669999897480011,0.2800000011920929,0.44200000166893
-0.402999997138977,0.1330000013113021,0.6869999766349792
-0.2750000059604645,-0.0780000016093254,0.959999978542328
-0.0570000000298023,-0.1480000019073486,1.4140000343322754
0.0810000002384185,-0.1140000000596046,1.5740000009536743
0.2709999978542328,-0.2080000042915344,1.5410000085830688
0.5910000205039978,-0.4199999868869781,1.5130000114440918
0.9079999923706056,-0.4670000076293945,1.305999994277954
1.0700000524520874,-0.628000020980835,1.1979999542236328
1.2519999742507937,-0.6399999856948853,1.0290000438690186
1.4500000476837158,-0.5320000052452087,1.0130000114440918
1.88100004196167,-0.4259999990463257,0.777999997138977
2.130000114440918,-0.4740000069141388,0.6000000238418579
2.095999956130981,-0.4110000133514404,0.5879999995231628
2.184999942779541,-0.4180000126361847,0.5419999957084656
2.2869999408721924,-0.3300000131130218,0.4729999899864197
2.400000095367432,-0.3869999945163727,0.4639999866485595
2.2950000762939453,-0.4720000028610229,0.3819999992847442
2.367000102996826,-0.6269999742507935,0.152999997138977
2.368000030517578,-0.6570000052452087,0.1140000000596046
2.325000047683716,-0.597000002861023,-0.0080000003799796
2.24399995803833,-0.4280000030994415,-0.1190000027418136
1.96399998664856,-0.2039999961853027,-0.257999986410141
1.7000000476837158,-0.0199999995529651,-0.375
1.319000005722046,0.123999997973442,-0.4120000004768371
1.281999945640564,0.0769999995827674,-0.4289999902248382
1.2450000047683716,0.0010000000474974,-0.3779999911785126
1.2970000505447388,-0.0209999997168779,-0.5299999713897705
1.3170000314712524,0.1309999972581863,-0.7990000247955322
1.2239999771118164,0.3240000009536743,-0.8460000157356262
1.2619999647140503,0.3740000128746032,-1.0369999408721924
1.2020000219345093,0.4449999928474426,-1.149999976158142
1.0579999685287476,0.449999988079071,-1.1959999799728394
0.8320000171661377,0.5109999775886536,-1.3350000381469729
0.5379999876022339,0.4769999980926513,-1.38100004196167
0.25,0.5260000228881836,-1.281000018119812
0.0890000015497207,0.5600000023841858,-1.368000030517578
-0.1870000064373016,0.5659999847412109,-1.368000030517578
-0.324999988079071,0.6800000071525574,-1.3630000352859497
-0.2460000067949295,0.7770000100135803,-1.434999942779541
-0.1420000046491623,0.912999987602234,-1.4359999895095823
-0.1089999973773956,0.9850000143051147,-1.162999987602234
0.0759999975562095,0.977999985218048,-0.8389999866485596
0.0020000000949949,0.8830000162124634,-0.3840000033378601
-0.2269999980926513,0.7749999761581421,-0.0399999991059303
-0.6759999990463257,0.7710000276565552,0.2189999967813491
-1.069000005722046,0.7390000224113464,0.4740000069141388
-1.3969999551773071,0.621999979019165,0.550000011920929
-1.906999945640564,0.6299999952316284,0.3529999852180481
-2.075999975204468,0.5879999995231628,0.1299999952316284
-2.256999969482422,0.6880000233650208,-0.2460000067949295
-2.1559998989105225,0.7749999761581421,-0.4519999921321869
-2.132999897003174,0.8410000205039978,-0.6990000009536743
-2.059000015258789,0.8830000162124634,-0.8339999914169312
-1.906000018119812,0.959999978542328,-0.8560000061988831
-1.784999966621399,0.9660000205039978,-1.0110000371932983
-1.7549999952316284,0.9900000095367432,-1.031999945640564
-1.6449999809265137,0.9649999737739564,-0.962000012397766
-1.6419999599456787,0.7559999823570251,-0.8169999718666077
-1.8220000267028809,0.6169999837875366,-0.6060000061988831
-1.8279999494552608,0.4690000116825104,-0.2430000007152557
-1.815000057220459,0.2849999964237213,0.0410000011324882
-1.8229999542236328,0.1000000014901161,0.4819999933242798
-1.6679999828338623,0.123999997973442,0.8389999866485596
-1.5299999713897705,-0.1099999994039535,1.2450000047683716
-1.5880000591278076,-0.2160000056028366,1.2730000019073486
-1.6890000104904177,-0.2820000052452087,1.3020000457763672
-1.722000002861023,-0.414000004529953,0.9430000185966492
-1.7929999828338623,-0.4120000004768371,0.7889999747276306
-1.7949999570846558,-0.4350000023841858,0.6890000104904175
-1.465000033378601,-0.4900000095367431,0.800000011920929
-1.1740000247955322,-0.4180000126361847,0.9290000200271606
-1.0140000581741333,-0.3009999990463257,0.796999990940094
-0.9290000200271606,-0.2479999959468841,0.5619999766349792
-0.2930000126361847,-0.2509999871253967,0.2669999897480011
0.4050000011920929,-0.1369999945163726,0.4020000100135803
1.0390000343322754,-0.2290000021457672,0.9480000138282776
1.2050000429153442,-0.6349999904632568,1.2070000171661377
1.25,-1.0520000457763672,1.305999994277954
1.1779999732971191,-1.6440000534057615,1.3630000352859497
0.8199999928474426,-2.115999937057495,1.2480000257492063
-0.4970000088214874,-2.515000104904175,1.0149999856948853
-0.9039999842643738,-2.5429999828338623,0.9710000157356262
-1.0980000495910645,-2.351999998092652,0.9649999737739564
-0.7839999794960022,-1.8980000019073489,1.3650000095367432
-0.5770000219345093,-1.866000056266785,1.6979999542236328
-0.0480000004172325,-1.7999999523162842,2.122999906539917
0.2199999988079071,-1.870000004768372,2.4600000381469727
0.4589999914169311,-1.919999957084656,2.572000026702881
0.6259999871253967,-2.0820000171661377,2.6080000400543213
0.5899999737739563,-2.066999912261963,2.5999999046325684
0.6140000224113464,-2.0220000743865967,2.4749999046325684
0.2249999940395355,-2.072999954223633,1.5640000104904177
-0.1770000010728836,-2.1070001125335693,1.0099999904632568
-0.4040000140666961,-2.003999948501587,0.5360000133514404
-0.6029999852180481,-1.9709999561309812,0.2619999945163727
-0.6209999918937683,-1.8919999599456787,-0.1150000020861625
-0.5709999799728394,-1.7929999828338623,-0.1570000052452087
-0.3179999887943268,-1.5670000314712524,0.0520000010728836
-0.3600000143051147,-1.3600000143051147,0.3980000019073486
-0.221000000834465,-1.1729999780654907,0.7509999871253967
0.0010000000474974,-1.0230000019073486,0.7929999828338623
0.2129999995231628,-1.0399999618530271,0.8730000257492065
0.2509999871253967,-0.8960000276565552,0.8859999775886536
0.0799999982118606,-0.7960000038146973,0.9409999847412108
0.1089999973773956,-0.7620000243186951,0.9580000042915344
0.1580000072717666,-0.8849999904632568,0.9919999837875366
0.2630000114440918,-0.8199999928474426,0.9980000257492064
0.3219999969005584,-0.777999997138977,0.8539999723434448
0.2509999871253967,-0.5270000100135803,0.6230000257492065
0.231000006198883,-0.4970000088214874,0.4580000042915344
0.3269999921321869,-0.3030000030994415,0.2960000038146972
0.4410000145435333,-0.3190000057220459,-0.0240000002086162
0.3479999899864197,-0.0900000035762786,-0.3149999976158142
0.2849999964237213,0.0209999997168779,-0.4429999887943268
0.0939999967813491,0.2479999959468841,-0.5839999914169312
0.0410000011324882,0.3459999859333038,-0.5320000052452087
0.090999998152256,0.5360000133514404,-0.3149999976158142
0.4399999976158142,0.6079999804496765,-0.1150000020861625
0.5170000195503235,0.7620000243186951,0.2989999949932098
0.6349999904632568,0.8190000057220459,0.4569999873638153
0.5519999861717224,0.8360000252723694,0.5860000252723694
0.5569999814033508,0.7829999923706055,0.5709999799728394
0.5960000157356262,0.7350000143051147,0.3160000145435333
0.296999990940094,0.7789999842643738,0.1220000013709068
0.2360000014305114,0.7689999938011169,0.0170000009238719
0.2860000133514404,0.8519999980926514,-0.006000000052154
0.3860000073909759,0.972000002861023,-0.1949999928474426
0.4020000100135803,1.0549999475479126,-0.4300000071525574
0.6570000052452087,1.2869999408721924,-0.796999990940094
0.6359999775886536,1.2940000295639038,-0.9710000157356262
1.0169999599456787,1.3890000581741333,-1.3289999961853027
1.2000000476837158,1.6130000352859497,-1.3799999952316284
1.0399999618530271,1.746999979019165,-1.2350000143051147
0.621999979019165,1.74399995803833,-0.7799999713897705
0.2280000001192093,1.4240000247955322,-0.421999990940094
0.0769999995827674,0.9700000286102296,0.1609999984502792
-0.503000020980835,0.0379999987781047,0.8569999933242798
-1.0700000524520874,-0.3030000030994415,1.1109999418258667
-1.878999948501587,-0.5709999799728394,1.1579999923706057
-2.0290000438690186,-0.5820000171661377,0.8730000257492065
-2.0,-0.6830000281333923,0.6499999761581421
-1.7549999952316284,-0.7519999742507935,0.3000000119209289
-1.1610000133514404,-0.6669999957084656,0.0080000003799796
-0.8489999771118164,-0.5529999732971191,-0.1759999990463256
-0.4779999852180481,-0.2259999960660934,-0.3619999885559082
-0.1180000007152557,0.0750000029802322,-0.3339999914169311
0.5799999833106995,0.2639999985694885,-0.2440000027418136
1.0759999752044678,0.363999992609024,0.2450000047683715
1.4320000410079956,0.328000009059906,0.640999972820282
1.5980000495910645,0.1689999997615814,0.8840000033378601
1.149999976158142,0.0109999999403953,0.9419999718666076
0.4990000128746032,-0.1800000071525573,0.7919999957084656
0.0270000007003545,-0.3219999969005584,0.8379999995231628
-0.6380000114440918,-0.5410000085830688,0.5550000071525574
-0.9700000286102296,-0.6729999780654907,0.2300000041723251
-1.4160000085830688,-0.8489999771118164,-0.0480000004172325
-1.3910000324249268,-0.7080000042915344,-0.3650000095367431
-1.281000018119812,-0.4280000030994415,-0.5529999732971191
-0.9700000286102296,-0.0740000009536743,-0.6869999766349792
-0.7310000061988831,0.1319999992847442,-0.6539999842643738
-0.4009999930858612,0.395000010728836,-0.6359999775886536
0.0189999993890523,0.4620000123977661,-0.5600000023841858
0.3650000095367431,0.5199999809265137,-0.395000010728836
0.4490000009536743,0.4860000014305115,-0.4359999895095825
0.4059999883174896,0.5360000133514404,-0.4239999949932098
0.2319999933242797,0.503000020980835,-0.4230000078678131
0.0309999994933605,0.5870000123977661,-0.4129999876022339
-0.0270000007003545,0.5699999928474426,-0.527999997138977
-0.0610000006854534,0.5879999995231628,-0.6710000038146973
-0.0689999982714653,0.5569999814033508,-0.671999990940094
-0.0419999994337558,0.578000009059906,-0.7509999871253967
-0.3819999992847442,0.5950000286102295,-0.5820000171661377
-0.5289999842643738,0.3650000095367431,-0.4990000128746032
-0.5820000171661377,0.2269999980926513,-0.1650000065565109
-0.3519999980926513,0.2129999995231628,0.1340000033378601
-0.4860000014305115,0.1180000007152557,0.3569999933242798
-0.4539999961853027,0.1089999973773956,0.652999997138977
-0.527999997138977,0.0640000030398368,0.8450000286102295
-0.5759999752044678,-0.1870000064373016,0.8740000128746033
-0.3510000109672546,-0.2349999994039535,0.8939999938011169
-0.4230000078678131,-0.3050000071525574,0.9169999957084656
-0.6039999723434448,-0.3549999892711639,0.7929999828338623
-1.0540000200271606,-0.5540000200271606,0.6039999723434448
-0.9860000014305116,-0.7200000286102295,0.2939999997615814
-0.4930000007152557,-0.7329999804496765,0.1000000014901161
0.3840000033378601,-0.4990000128746032,0.2770000100135803
1.0199999809265137,-0.3889999985694885,0.6779999732971191
1.3020000457763672,-0.1049999967217445,1.190000057220459
1.3869999647140503,-0.2590000033378601,1.340000033378601
1.2319999933242798,-0.3759999871253967,1.5839999914169312
0.6869999766349792,-1.22599995136261,1.24399995803833
0.3240000009536743,-1.475000023841858,0.8289999961853027
0.0680000036954879,-1.4520000219345093,0.5979999899864197
-0.382999986410141,-1.274999976158142,0.3840000033378601
-0.4970000088214874,-1.1749999523162842,0.1899999976158142
-0.4440000057220459,-1.0440000295639038,0.1140000000596046
-0.2169999927282333,-0.9879999756813048,0.135000005364418
0.2619999945163727,-0.9340000152587892,0.210999995470047
0.8539999723434448,-0.847000002861023,0.6019999980926514
1.0980000495910645,-0.7609999775886536,0.8199999928474426
1.39900004863739,-0.628000020980835,1.0130000114440918
1.4670000076293943,-0.503000020980835,0.9359999895095824
1.381999969482422,-0.4239999949932098,0.8159999847412109
1.440000057220459,-0.4410000145435333,0.6970000267028809
1.2970000505447388,-0.4329999983310699,0.2960000038146972
1.222000002861023,-0.3650000095367431,0.0460000000894069
0.9350000023841858,-0.3630000054836273,-0.2080000042915344
0.8109999895095825,-0.3260000050067901,-0.3840000033378601
0.6759999990463257,-0.1959999948740005,-0.4259999990463257
0.6420000195503235,-0.0359999984502792,-0.6610000133514404
0.6990000009536743,-0.0010000000474974,-0.7129999995231628
0.7400000095367432,0.1990000009536743,-0.777999997138977
0.8889999985694885,0.2989999949932098,-0.765999972820282
0.8550000190734863,0.4469999969005584,-0.7300000190734863
0.5960000157356262,0.5210000276565552,-0.8510000109672546
0.3910000026226043,0.6110000014305115,-0.8650000095367432
0.2300000041723251,0.7210000157356262,-0.9459999799728394
0.0010000000474974,0.7379999756813049,-0.9559999704360962
-0.1659999936819076,0.6919999718666077,-1.0470000505447388
-0.202000007033348,0.718999981880188,-1.128000020980835
-0.209999993443489,0.5669999718666077,-1.2489999532699585
-0.2860000133514404,0.7319999933242798,-1.2300000190734863
-0.1850000023841858,0.824999988079071,-1.0199999809265137
-0.1270000040531158,0.7960000038146973,-0.6660000085830688
0.1650000065565109,0.7379999756813049,-0.4600000083446502
0.1969999969005584,0.7680000066757202,-0.2049999982118606
0.2639999985694885,0.6290000081062317,0.1770000010728836
0.3459999859333038,0.6520000100135803,0.4359999895095825
0.6050000190734863,0.6230000257492065,0.75
0.7720000147819519,0.5460000038146973,0.9409999847412108
0.7699999809265137,0.4720000028610229,1.003999948501587
0.7120000123977661,0.3799999952316284,1.0329999923706057
0.6480000019073486,0.3899999856948852,1.1510000228881836
0.6430000066757202,0.2790000140666961,1.0160000324249268
0.5049999952316284,0.2759999930858612,0.8920000195503235
0.4449999928474426,0.1650000065565109,0.8130000233650208
0.2619999945163727,0.1609999984502792,0.8040000200271606
0.2300000041723251,0.1560000032186508,0.6790000200271606
0.3199999928474426,0.090999998152256,0.7850000262260437
0.4519999921321869,-0.006000000052154,0.859000027179718
0.3050000071525574,-0.2899999916553497,1.0529999732971191
0.0520000010728836,-0.5879999995231628,1.14900004863739
-0.1070000007748603,-0.8489999771118164,1.02400004863739
-0.101000003516674,-0.7620000243186951,0.8700000047683716
0.3109999895095825,-0.7459999918937683,0.4149999916553497
0.722000002861023,-0.4779999852180481,0.0
1.059000015258789,-0.032999999821186,-0.4370000064373016
1.4149999618530271,0.3980000019073486,-0.7269999980926514
1.8170000314712524,0.6389999985694885,-1.031999945640564
2.0450000762939453,0.9049999713897704,-0.9629999995231628
2.1010000705718994,1.0049999952316284,-0.75
1.6330000162124634,1.1480000019073486,-0.4749999940395355
1.0169999599456787,0.9010000228881836,-0.4120000004768371
0.597000002861023,0.3729999959468841,-0.5339999794960022
0.7310000061988831,-0.375,-0.3580000102519989
0.8230000138282776,-0.8169999718666077,-0.1260000020265579
0.8289999961853027,-0.4589999914169311,0.2380000054836273
0.6110000014305115,-0.2960000038146972,0.2860000133514404
0.5080000162124634,0.0430000014603138,0.2469999939203262
0.2409999966621399,0.0680000036954879,0.1850000023841858
0.0280000008642673,-0.0570000000298023,-0.0450000017881393
0.1780000030994415,-0.0450000017881393,-0.2399999946355819
0.5210000276565552,-0.3899999856948852,-0.6079999804496765
0.4959999918937683,-0.210999995470047,-0.9729999899864196
0.2370000034570694,-0.0240000002086162,-1.0230000019073486
0.1059999987483024,0.1289999932050705,-0.9980000257492064
-0.1949999928474426,0.0879999995231628,-0.7689999938011169
-0.2989999949932098,-0.0070000002160668,-0.7170000076293945
-0.0320000015199184,-0.050000000745058,-0.7590000033378601
0.061999998986721,-0.3540000021457672,-0.3880000114440918
0.0390000008046627,-0.6600000262260437,0.1459999978542328
-0.395000010728836,-0.4120000004768371,0.8090000152587891
-0.5590000152587891,-0.492000013589859,1.0119999647140503
-1.628999948501587,-0.4490000009536743,1.256999969482422
-1.5010000467300415,-0.5989999771118164,1.0490000247955322
-1.3359999656677246,-0.7170000076293945,0.7960000038146973
-1.2070000171661377,-0.7099999785423279,0.5979999899864197
-0.7680000066757202,-0.9819999933242798,0.4709999859333038
-1.35099995136261,-0.3490000069141388,0.4189999997615814
-1.687999963760376,0.4149999916553497,0.1319999992847442
-1.1540000438690186,0.2680000066757202,-0.0340000018477439
-0.3510000109672546,-0.0109999999403953,-0.0829999968409538
-0.152999997138977,-0.0260000005364418,-0.1369999945163726
-0.2910000085830688,0.0649999976158142,-0.2599999904632568
-0.3330000042915344,0.1770000010728836,-0.3910000026226043
-0.0520000010728836,0.2689999938011169,-0.4239999949932098
0.0570000000298023,0.2680000066757202,-0.5580000281333923
-0.0869999974966049,0.4009999930858612,-0.6129999756813049
-0.0529999993741512,0.5630000233650208,-0.6970000267028809
0.0089999996125698,0.4250000119209289,-0.4900000095367431
-0.0419999994337558,0.3120000064373016,-0.1700000017881393
-0.1570000052452087,0.2290000021457672,0.289000004529953
-0.2080000042915344,0.1500000059604644,0.7760000228881836
-0.2049999982118606,0.1309999972581863,0.99099999666214
0.032999999821186,0.1199999973177909,0.8550000190734863
-0.0630000010132789,0.0769999995827674,0.7099999785423279
0.1449999958276748,-0.0299999993294477,0.5410000085830688
-0.0799999982118606,-0.0130000002682209,0.1749999970197677
-0.1669999957084655,-0.1129999980330467,0.006000000052154
-0.3499999940395355,-0.2649999856948852,-0.2169999927282333
-0.4099999964237213,-0.4850000143051147,0.0149999996647238
-0.6499999761581421,-0.5350000262260437,-0.0189999993890523
-0.6119999885559082,-0.7739999890327454,0.0599999986588954
-0.3330000042915344,-0.781000018119812,0.1420000046491623
0.0359999984502792,-0.8069999814033508,0.2280000001192093
0.2119999974966049,-0.6869999766349792,0.2249999940395355
0.5659999847412109,-0.4839999973773956,0.5699999928474426
0.8240000009536743,-0.4490000009536743,0.4679999947547912
0.8489999771118164,-0.4180000126361847,0.4790000021457672
0.5669999718666077,-0.3939999938011169,0.460999995470047
0.4000000059604645,-0.3939999938011169,0.4979999959468841
0.3420000076293945,-0.3819999992847442,0.5400000214576721
0.2630000114440918,-0.4289999902248382,0.5709999799728394
0.2919999957084656,-0.5109999775886536,0.6000000238418579
0.5040000081062317,-0.5519999861717224,0.5860000252723694
0.5400000214576721,-0.5019999742507935,0.5479999780654907
0.6209999918937683,-0.4020000100135803,0.449999988079071
0.7609999775886536,-0.3379999995231628,0.5049999952316284
0.7400000095367432,-0.3610000014305115,0.5740000009536743
0.9139999747276306,-0.5590000152587891,0.843999981880188
0.8519999980926514,-0.5410000085830688,0.8820000290870667
0.597000002861023,-0.6919999718666077,1.1019999980926514
0.4839999973773956,-0.5759999752044678,0.8889999985694885
0.3339999914169311,-0.5120000243186951,0.5569999814033508
0.19200000166893,-0.3260000050067901,0.2179999947547912
0.1129999980330467,-0.0869999974966049,-0.289000004529953
0.2029999941587448,0.0439999997615814,-0.6480000019073486
0.1550000011920929,0.0790000036358833,-1.02400004863739
0.1129999980330467,0.1500000059604644,-1.3389999866485596
0.2479999959468841,0.2610000073909759,-1.375
0.3120000064373016,0.2150000035762787,-1.2979999780654907
0.4560000002384186,0.3210000097751617,-1.1230000257492063
0.3959999978542328,0.5830000042915344,-1.256999969482422
0.3019999861717224,0.6570000052452087,-1.4529999494552612
0.4079999923706054,0.675000011920929,-1.616000056266785
0.3580000102519989,0.6579999923706055,-2.0859999656677246
0.2809999883174896,0.6660000085830688,-1.9859999418258667
0.238999992609024,0.6800000071525574,-2.010999917984009
0.181999996304512,0.6990000009536743,-1.932999968528748
0.0740000009536743,0.6370000243186951,-1.715000033378601
-0.1809999942779541,0.4970000088214874,-1.491000056266785
-0.2689999938011169,0.5740000009536743,-1.4639999866485596
-0.4149999916553497,0.5529999732971191,-1.6440000534057615
-0.3240000009536743,0.6880000233650208,-1.805999994277954
-0.2280000001192093,0.7620000243186951,-2.282999992370605
-0.0390000008046627,1.0099999904632568,-2.513999938964844
-0.0430000014603138,1.256999969482422,-2.733999967575073
-0.2230000048875808,1.305999994277954,-2.759999990463257
-0.44200000166893,1.2549999952316284,-2.450999975204468
-0.5669999718666077,1.1619999408721924,-2.026000022888184
-0.625,1.031000018119812,-1.531000018119812
-0.5540000200271606,0.8830000162124634,-0.99099999666214
-0.5630000233650208,0.7950000166893005,-0.5479999780654907
-0.6830000281333923,0.8320000171661377,-0.2980000078678131
-0.7089999914169312,1.00600004196167,-0.4079999923706054
-0.5720000267028809,1.2710000276565552,-0.8140000104904175
-0.5339999794960022,1.2990000247955322,-1.0920000076293943
-0.3479999899864197,1.2230000495910645,-0.746999979019165
-0.3160000145435333,1.194000005722046,0.1689999997615814
-0.2090000063180923,1.1449999809265137,1.2719999551773071
-0.421999990940094,1.225000023841858,2.0230000019073486
-0.7080000042915344,1.312000036239624,1.8949999809265137
-1.0640000104904177,1.36899995803833,1.1130000352859497
-1.069000005722046,1.0829999446868896,0.31700000166893
-0.8600000143051147,1.0080000162124634,0.0930000022053718
-0.6079999804496765,0.8730000257492065,0.3720000088214874
0.1700000017881393,0.7620000243186951,2.414999961853028
0.5680000185966492,0.7250000238418579,3.299000024795532
0.7289999723434448,0.6449999809265137,3.753000020980835
0.621999979019165,0.6079999804496765,3.7929999828338623
0.5490000247955322,0.3630000054836273,3.5360000133514404
0.3000000119209289,0.2509999871253967,2.9830000400543213
0.3070000112056732,0.2820000052452087,2.61299991607666
0.5090000033378601,0.257999986410141,2.259000062942505
0.6899999976158142,0.2960000038146972,1.825000047683716
1.131999969482422,0.2119999974966049,1.3309999704360962
1.2829999923706057,0.1439999938011169,0.7390000224113464
0.9660000205039978,0.1340000033378601,0.2739999890327453
0.746999979019165,-0.0450000017881393,-0.2980000078678131
0.2380000054836273,-0.1809999942779541,-0.8349999785423279
-0.2820000052452087,-0.2430000007152557,-1.274999976158142
-0.6190000176429749,-0.4740000069141388,-1.6390000581741333
-0.8960000276565552,-0.4149999916553497,-1.8459999561309812
-1.0099999904632568,-0.3899999856948852,-1.9470000267028809
-0.6430000066757202,-0.2199999988079071,-2.486999988555908
-0.3269999921321869,-0.0920000001788139,-2.58899998664856
-0.209999993443489,-0.0149999996647238,-2.575999975204468
-0.1180000007152557,0.003000000026077,-2.305000066757202
-0.3019999861717224,-0.1280000060796737,-1.787999987602234
-0.375,-0.3129999935626983,-1.1710000038146973
-0.4079999923706054,-0.2739999890327453,-0.7519999742507935
-0.3869999945163727,-0.2290000021457672,-0.3659999966621399
-0.1959999948740005,-0.2329999953508377,-0.550000011920929
-0.209999993443489,-0.2879999876022339,-0.9950000047683716
-0.0529999993741512,-0.3019999861717224,-1.4780000448226929
-0.0179999992251396,-0.2930000126361847,-1.9270000457763672
0.1459999978542328,-0.2960000038146972,-1.9700000286102293
0.1070000007748603,-0.1159999966621398,-1.9170000553131104
0.1289999932050705,0.0439999997615814,-1.7200000286102295
0.2549999952316284,0.2090000063180923,-1.4279999732971191
0.3889999985694885,0.4709999859333038,-1.2289999723434448
0.2879999876022339,0.5799999833106995,-1.1100000143051147
0.2430000007152557,0.8379999995231628,-1.065000057220459
0.0949999988079071,0.8569999933242798,-0.9139999747276306
0.2409999966621399,0.7519999742507935,-0.5049999952316284
0.3019999861717224,0.4410000145435333,0.1710000038146972
0.5289999842643738,0.2319999933242797,1.0230000019073486
0.5080000162124634,0.0590000003576278,2.1679999828338623
0.7720000147819519,0.0509999990463256,3.3010001182556152
0.8960000276565552,-0.0700000002980232,4.224999904632568
0.890999972820282,-0.1790000051259994,4.77400016784668
0.7649999856948853,-0.2329999953508377,4.870999813079834
0.0740000009536743,-0.3240000009536743,3.7200000286102295
-0.4099999964237213,-0.2160000056028366,2.733999967575073
-0.8029999732971191,-0.270000010728836,1.7690000534057615
-0.9509999752044678,-0.2949999868869781,1.2230000495910645
-1.0670000314712524,-0.2840000092983246,0.8679999709129333
-1.100000023841858,-0.1449999958276748,0.6330000162124634
-0.640999972820282,-0.1580000072717666,0.6579999923706055
-0.1509999930858612,-0.0170000009238719,0.8600000143051147
0.2899999916553497,-0.0010000000474974,1.2640000581741333
0.5699999928474426,0.2750000059604645,1.3279999494552612
0.6209999918937683,0.3050000071525574,0.8529999852180481
0.5379999876022339,0.2680000066757202,0.4639999866485595
0.4329999983310699,0.4230000078678131,-0.1180000007152557
-0.0829999968409538,0.44200000166893,-0.4779999852180481
-0.2399999946355819,0.4779999852180481,-0.4659999907016754
-0.449999988079071,0.5070000290870667,-0.5360000133514404
-0.4480000138282776,0.4679999947547912,-0.8019999861717224
-0.402999997138977,0.4289999902248382,-0.9139999747276306
-0.4589999914169311,0.3350000083446502,-0.7699999809265137
-0.5410000085830688,0.3160000145435333,-0.3619999885559082
-0.5509999990463257,0.2649999856948852,0.0949999988079071
-0.6100000143051147,0.135000005364418,0.3689999878406524
-0.7630000114440918,0.163000002503395,0.4059999883174896
-0.8939999938011169,-0.0970000028610229,0.621999979019165
-0.7770000100135803,-0.3310000002384186,0.5519999861717224
-0.8769999742507935,-0.3490000069141388,0.4059999883174896
-0.9570000171661376,-0.4670000076293945,-0.0240000002086162
-1.0549999475479126,-0.4040000140666961,-0.363999992609024
-1.1050000190734863,-0.2230000048875808,-0.9160000085830688
-1.097000002861023,-0.0130000002682209,-1.3489999771118164
-0.8809999823570251,0.0839999988675117,-1.875
-0.4550000131130218,0.1949999928474426,-1.9570000171661377
-0.2590000033378601,0.2759999930858612,-1.9229999780654907
0.0599999986588954,0.2090000063180923,-1.7860000133514404
0.1280000060796737,0.0970000028610229,-1.6230000257492063
0.4160000085830688,0.1299999952316284,-1.4329999685287476
0.0640000030398368,0.1150000020861625,-1.4110000133514404
-0.3089999854564667,0.1909999996423721,-1.3339999914169312
-0.5659999847412109,0.2090000063180923,-1.412999987602234
-0.6610000133514404,0.2029999941587448,-1.4040000438690186
-0.531000018119812,0.1689999997615814,-1.371000051498413
-0.7009999752044678,0.3490000069141388,-1.1440000534057615
-0.4239999949932098,0.2739999890327453,-0.3589999973773956
-0.402999997138977,0.1550000011920929,0.2090000063180923
-0.3389999866485595,0.0010000000474974,0.9419999718666076
-0.8320000171661377,-0.0399999991059303,1.9229999780654907
-1.1729999780654907,-0.1509999930858612,1.718000054359436
-1.5290000438690186,-0.0170000009238719,0.847000002861023
-1.8229999542236328,0.2290000021457672,-0.0020000000949949
-1.753000020980835,0.1650000065565109,-0.3980000019073486
-1.1390000581741333,0.1400000005960464,-0.1319999992847442
-0.6299999952316284,-0.2240000069141388,0.4519999921321869
-0.2549999952316284,-0.3600000143051147,1.3329999446868896
-0.0590000003576278,-0.3709999918937683,2.07699990272522
0.0780000016093254,-0.460999995470047,2.5899999141693115
-0.0280000008642673,-0.5419999957084656,2.739000082015991
0.0260000005364418,-0.5609999895095825,2.796999931335449
-0.0359999984502792,-0.5830000042915344,2.940999984741211
0.0790000036358833,-0.7440000176429749,2.9609999656677246
0.2460000067949295,-0.8799999952316284,2.819999933242798
0.4390000104904175,-0.8659999966621399,2.3929998874664307
0.5860000252723694,-0.9369999766349792,2.0850000381469727
0.7139999866485596,-0.8029999732971191,1.659000039100647
0.8190000057220459,-0.718999981880188,1.5449999570846558
0.7879999876022339,-0.6930000185966492,1.1540000438690186
0.925000011920929,-0.6790000200271606,0.6790000200271606
0.7020000219345093,-0.6660000085830688,0.2419999986886978
0.5429999828338623,-0.6370000243186951,-0.2380000054836273
0.4259999990463257,-0.621999979019165,-0.7260000109672546
0.2249999940395355,-0.4569999873638153,-1.1579999923706057
-0.0930000022053718,-0.4779999852180481,-1.4149999618530271
-0.3689999878406524,-0.5230000019073486,-1.715000033378601
-0.5230000019073486,-0.6600000262260437,-1.7419999837875366
-0.5550000071525574,-0.7730000019073486,-1.5670000314712524
-0.5740000009536743,-0.8489999771118164,-1.3259999752044678
-0.3569999933242798,-0.8240000009536743,-0.9700000286102296
-0.1979999989271164,-0.8299999833106995,-0.4720000028610229
0.1420000046491623,-0.9810000061988832,-0.1230000033974647
0.2809999883174896,-0.9350000023841858,0.2010000050067901
0.3089999854564667,-0.8960000276565552,0.4429999887943268
0.4050000011920929,-0.8650000095367432,0.4569999873638153
0.546999990940094,-0.6600000262260437,-0.335999995470047
0.671999990940094,-0.6299999952316284,-0.9290000200271606
0.8880000114440918,-0.5239999890327454,-1.3860000371932983
1.4149999618530271,-0.3179999887943268,-1.4850000143051147
1.6269999742507937,-0.1969999969005584,-1.1759999990463257
1.7910000085830688,-0.0320000015199184,-0.7200000286102295
1.8359999656677248,0.0540000014007091,-0.4070000052452087
1.6970000267028809,0.2280000001192093,-0.2329999953508377
1.3329999446868896,0.1190000027418136,0.2240000069141388
1.343000054359436,-0.0020000000949949,0.4569999873638153
1.4490000009536743,-0.1430000066757202,0.6380000114440918
1.2910000085830688,-0.2569999992847442,0.8960000276565552
1.1080000400543213,-0.3440000116825104,1.3320000171661377
1.1640000343322754,-0.3970000147819519,1.7549999952316284
1.2050000429153442,-0.4850000143051147,2.053999900817871
1.1790000200271606,-0.5239999890327454,2.401000022888184
0.8930000066757202,-0.527999997138977,2.586999893188477
0.5460000038146973,-0.6510000228881836,2.50600004196167
0.1360000073909759,-0.6880000233650208,2.3329999446868896
-0.2790000140666961,-0.7250000238418579,1.9210000038146973
-0.6930000185966492,-0.5019999742507935,1.6579999923706057
-1.0509999990463257,-0.1040000021457672,1.149999976158142
-1.3830000162124634,0.2790000140666961,0.8270000219345093
-1.3930000066757202,0.6299999952316284,0.1019999980926513
-1.1710000038146973,0.7599999904632568,-0.6489999890327454
-0.8349999785423279,0.7490000128746033,-1.1699999570846558
-0.6740000247955322,0.6930000185966492,-1.256999969482422
-0.3840000033378601,0.656000018119812,-1.062000036239624
-0.2349999994039535,0.515999972820282,-0.4510000050067901
0.0109999999403953,0.6510000228881836,0.096000000834465
-0.1550000011920929,0.4939999878406524,0.4650000035762787
-0.5329999923706055,0.1860000044107437,0.6029999852180481
-1.1369999647140503,-0.0140000004321336,0.5809999704360962
-1.815999984741211,-0.2049999982118606,0.3740000128746032
-2.239000082015991,-0.2560000121593475,0.0630000010132789
-2.490999937057495,-0.3779999911785126,-0.2919999957084656
-2.749000072479248,-0.1360000073909759,-0.597000002861023
-2.618000030517578,0.0599999986588954,-0.7599999904632568
-2.2869999408721924,0.4390000104904175,-0.912999987602234
-2.1410000324249268,0.6320000290870667,-1.0959999561309814
-2.1589999198913574,0.7770000100135803,-1.25600004196167
-2.4189999103546143,0.7760000228881836,-1.3450000286102295
-2.4570000171661377,0.6940000057220459,-1.3140000104904177
-2.49399995803833,0.5619999766349792,-1.0850000381469729
-2.075000047683716,0.3889999985694885,-0.959999978542328
-1.5490000247955322,0.2960000038146972,-0.6029999852180481
-1.3009999990463257,0.0750000029802322,-0.1599999964237213
-0.9629999995231628,-0.152999997138977,0.3529999852180481
-0.8029999732971191,-0.2910000085830688,0.7300000190734863
-0.5849999785423279,-0.6240000128746033,1.0269999504089355
-0.2540000081062317,-0.8610000014305115,1.1799999475479126
-0.101000003516674,-0.8999999761581421,1.3020000457763672
0.0810000002384185,-0.9480000138282776,1.315999984741211
0.2140000015497207,-0.9100000262260436,1.1890000104904177
0.4740000069141388,-0.8859999775886536,1.0880000591278076
0.8270000219345093,-0.8330000042915344,0.2949999868869781
0.8769999742507935,-0.8939999938011169,-0.2560000121593475
0.7730000019073486,-0.953000009059906,-0.6230000257492065
0.6859999895095825,-1.0750000476837158,-0.9850000143051147
0.5519999861717224,-0.8220000267028809,-1.2890000343322754
0.5440000295639038,-0.7319999933242798,-1.4279999732971191
0.7250000238418579,-0.675000011920929,-1.4529999494552612
0.925000011920929,-0.5669999718666077,-0.9549999833106996
1.11899995803833,-0.4909999966621399,-0.5059999823570251
1.256999969482422,-0.324999988079071,0.2860000133514404
1.312000036239624,-0.221000000834465,0.9449999928474426
1.312999963760376,-0.1930000036954879,1.402999997138977
1.39900004863739,-0.3499999940395355,1.4859999418258667
1.3339999914169312,-0.3190000057220459,1.36899995803833
1.2610000371932983,-0.2380000054836273,1.3200000524520874
1.4500000476837158,-0.238999992609024,1.1169999837875366
1.6759999990463257,-0.1040000021457672,0.6510000228881836
1.8289999961853027,-0.0289999991655349,0.3759999871253967
2.115999937057495,-0.0579999983310699,0.2230000048875808
2.555000066757202,0.0540000014007091,0.152999997138977
2.921999931335449,0.277999997138977,0.382999986410141
2.8580000400543213,0.6320000290870667,0.9670000076293944
2.7799999713897705,0.8100000023841858,1.383999943733215
2.2790000438690186,0.8500000238418579,1.9049999713897705
2.010999917984009,0.8880000114440918,2.226999998092652
1.837000012397766,0.6800000071525574,2.486000061035156
1.8849999904632568,0.6759999990463257,2.21399998664856
2.181999921798706,0.4180000126361847,2.005000114440918
2.2179999351501465,0.3230000138282776,1.7599999904632568
2.250999927520752,0.3210000097751617,1.1729999780654907
2.118000030517578,0.4070000052452087,0.7419999837875366
1.8589999675750728,0.5400000214576721,0.2790000140666961
1.565999984741211,0.5740000009536743,-0.0450000017881393
1.3170000314712524,0.8100000023841858,-0.3319999873638153
1.149999976158142,0.8299999833106995,-0.4900000095367431
1.02400004863739,1.0160000324249268,-0.6010000109672546
0.8600000143051147,0.8809999823570251,-0.9020000100135804
0.1289999932050705,0.6930000185966492,-1.3830000162124634
-0.1379999965429306,0.5070000290870667,-1.6540000438690186
-0.3540000021457672,0.3919999897480011,-2.1659998893737797
-0.5490000247955322,0.6169999837875366,-2.4210000038146973
-0.8809999823570251,0.8140000104904175,-2.38100004196167
-1.1759999990463257,0.9570000171661376,-2.234999895095825
-1.187999963760376,1.1510000228881836,-1.9429999589920044
-0.8769999742507935,1.2130000591278076,-1.437999963760376
-0.546999990940094,1.034000039100647,-1.1119999885559082
-0.3019999861717224,0.8040000200271606,-0.7149999737739563
-0.4429999887943268,0.6919999718666077,-0.6019999980926514
-0.5120000243186951,0.4620000123977661,-0.7149999737739563
-0.6790000200271606,0.375,-0.7689999938011169
-0.8109999895095825,0.1080000028014183,-0.8299999833106995
-0.828000009059906,-0.0359999984502792,-0.912999987602234
-0.9300000071525574,-0.0759999975562095,-0.8799999952316284
-1.0410000085830688,-0.0350000001490116,-0.7820000052452087
-1.1690000295639038,0.1120000034570694,-0.7639999985694885
-1.371999979019165,0.050000000745058,-0.781000018119812
-1.496000051498413,-0.0630000010132789,-0.8349999785423279
-1.4919999837875366,-0.1599999964237213,-0.8220000267028809
-1.222000002861023,-0.0879999995231628,-0.7269999980926514
-0.9139999747276306,-0.1990000009536743,-0.4679999947547912
-0.460999995470047,-0.209999993443489,-0.0839999988675117
0.0240000002086162,-0.4469999969005584,0.4320000112056732
0.2249999940395355,-0.6470000147819519,0.8199999928474426
0.3120000064373016,-0.7269999980926514,1.4160000085830688
0.2669999897480011,-0.8429999947547913,1.7380000352859497
0.1209999993443489,-1.0609999895095823,1.955999970436096
-0.2709999978542328,-1.3170000314712524,1.8459999561309812
-0.7710000276565552,-1.3389999866485596,1.687999963760376
-1.315000057220459,-1.371999979019165,1.590999960899353
-1.6970000267028809,-1.14900004863739,1.4570000171661377
-1.7130000591278076,-0.7670000195503235,1.3339999914169312
-1.5440000295639038,-0.492000013589859,1.2649999856948853
-1.4220000505447388,-0.3389999866485595,1.1979999542236328
-0.9810000061988832,-0.164000004529953,1.125
-0.550000011920929,-0.1689999997615814,0.8709999918937683
-0.1480000019073486,-0.2140000015497207,0.7440000176429749
0.0419999994337558,-0.1080000028014183,0.8690000176429749
0.2680000066757202,-0.0540000014007091,0.9580000042915344
0.2039999961853027,-0.050000000745058,1.1390000581741333
-0.0750000029802322,-0.202000007033348,1.0829999446868896
-0.5460000038146973,-0.2730000019073486,1.3380000591278076
-1.2300000190734863,-0.367000013589859,1.2960000038146973
-1.7419999837875366,-0.4399999976158142,0.8889999985694885
-2.336999893188477,-0.3899999856948852,0.4490000009536743
-2.7170000076293945,-0.4269999861717224,-0.0610000006854534
-2.8329999446868896,-0.3720000088214874,-0.503000020980835
-2.821000099182129,-0.0780000016093254,-0.8730000257492065
-2.578000068664551,0.0199999995529651,-1.0809999704360962
-2.2880001068115234,0.2930000126361847,-0.9769999980926514
-2.065999984741211,0.5460000038146973,-0.977999985218048
-1.934999942779541,0.6779999732971191,-0.8149999976158142
-1.7079999446868896,0.7549999952316284,-0.6290000081062317
-1.7389999628067017,0.5299999713897705,0.0970000028610229
-1.7330000400543213,0.356000006198883,0.6039999723434448
-1.7699999809265137,0.0270000007003545,0.8679999709129333
-1.830000042915344,-0.0489999987185001,0.9300000071525574
-1.8359999656677248,-0.2360000014305114,0.9160000085830688
-1.8489999771118164,-0.395000010728836,0.6940000057220459
-1.753000020980835,-0.3240000009536743,0.4410000145435333
-1.6619999408721924,-0.3939999938011169,0.2709999978542328
-1.4479999542236328,-0.2240000069141388,-0.1459999978542328
-1.1610000133514404,-0.0970000028610229,-0.2800000011920929
-0.8059999942779541,0.0879999995231628,-0.5009999871253967
-0.4020000100135803,0.2010000050067901,-0.878000020980835
-0.1449999958276748,0.2230000048875808,-1.055999994277954
-0.0850000008940696,0.2549999952316284,-1.2089999914169312
0.0140000004321336,0.2809999883174896,-1.35099995136261
0.0710000023245811,0.2910000085830688,-1.47599995136261
0.0900000035762786,0.3959999978542328,-1.4919999837875366
0.1340000033378601,0.3160000145435333,-1.2829999923706057
0.2770000100135803,0.363999992609024,-0.9670000076293944
0.1169999986886978,0.3440000116825104,-0.7139999866485596
-0.0419999994337558,0.4779999852180481,-0.3479999899864197
-0.2590000033378601,0.5509999990463257,-0.0489999987185001
-0.5260000228881836,0.5870000123977661,0.1159999966621398
-0.3889999985694885,0.6320000290870667,0.0920000001788139
-0.0780000016093254,0.5099999904632568,-0.1809999942779541
0.414000004529953,0.2010000050067901,-0.4959999918937683
1.0720000267028809,-0.1220000013709068,-0.8629999756813049
2.276000022888184,-0.1220000013709068,-0.44200000166893
2.756999969482422,0.1790000051259994,0.356000006198883
2.9210000038146973,0.4020000100135803,1.256999969482422
2.755000114440918,0.6069999933242798,2.282999992370605
2.378999948501587,0.4079999923706054,3.0169999599456787
1.9220000505447388,0.2049999982118606,3.3510000705718994
1.3489999771118164,-0.2419999986886978,3.150000095367432
1.319000005722046,-0.4839999973773956,2.7860000133514404
1.3849999904632568,-0.4939999878406524,2.437000036239624
1.6510000228881836,-0.488999992609024,2.052000045776367
2.184999942779541,-0.3429999947547912,1.8329999446868896
2.5799999237060547,-0.1930000036954879,1.7999999523162842
3.130000114440918,0.0410000011324882,1.7239999771118164
3.49399995803833,0.2709999978542328,1.5219999551773071
3.21399998664856,0.3240000009536743,1.0989999771118164
2.381999969482422,0.3630000054836273,0.5989999771118164
1.5570000410079956,0.335999995470047,0.0989999994635582
0.652999997138977,0.1379999965429306,-0.3420000076293945
0.1840000003576278,-0.2150000035762787,-1.0019999742507937
-0.0179999992251396,-0.5009999871253967,-1.3350000381469729
0.032999999821186,-0.4129999876022339,-1.340999960899353
0.0689999982714653,-0.2619999945163727,-1.2280000448226929
0.2039999961853027,-0.1070000007748603,-1.0219999551773071
0.3240000009536743,-0.0599999986588954,-0.8849999904632568
0.6510000228881836,-0.0820000022649765,-0.906000018119812
0.8230000138282776,-0.0769999995827674,-0.8629999756813049
0.7870000004768372,-0.296999990940094,-0.871999979019165
0.6859999895095825,-0.4779999852180481,-1.024999976158142
0.335999995470047,-0.6729999780654907,-1.0950000286102295
-0.0480000004172325,-0.7049999833106995,-1.2999999523162842
-0.2829999923706054,-0.7390000224113464,-1.309999942779541
-0.3269999921321869,-0.7020000219345093,-1.2450000047683716
-0.0280000008642673,-0.550000011920929,-0.9390000104904176
0.3569999933242798,-0.5,-0.5419999957084656
0.9169999957084656,-0.3050000071525574,-0.0549999997019767
1.2899999618530271,-0.3240000009536743,0.5440000295639038
1.4329999685287476,-0.3720000088214874,0.824999988079071
1.4320000410079956,-0.5669999718666077,1.0119999647140503
1.1269999742507937,-0.5730000138282776,1.3630000352859497
0.6769999861717224,-0.5049999952316284,1.406999945640564
0.3269999921321869,-0.5400000214576721,1.562999963760376
0.0480000004172325,-0.5989999771118164,1.5549999475479126
0.0439999997615814,-0.5709999799728394,1.565000057220459
-0.0610000006854534,-0.4210000038146972,1.6330000162124634
-0.0130000002682209,-0.1739999949932098,1.4429999589920044
0.0089999996125698,0.0780000016093254,1.350000023841858
0.1979999989271164,0.1340000033378601,1.0980000495910645
0.4120000004768371,0.4160000085830688,0.8479999899864197
0.6579999923706055,0.4629999995231628,0.7509999871253967
0.7850000262260437,0.7689999938011169,0.9359999895095824
0.6970000267028809,0.9350000023841858,1.2710000276565552
0.453000009059906,0.597000002861023,1.5049999952316284
0.1230000033974647,0.3289999961853027,1.74399995803833
-0.4059999883174896,0.1190000027418136,1.8029999732971191
-1.02400004863739,-0.0549999997019767,1.687999963760376
-1.781999945640564,-0.0230000000447034,1.3559999465942385
-2.200999975204468,0.2090000063180923,1.0449999570846558
-2.6549999713897705,0.3059999942779541,0.4390000104904175
-2.711999893188477,0.6430000066757202,0.1070000007748603
-2.746000051498413,0.8709999918937683,-0.1420000046491623
-2.4210000038146973,0.9729999899864196,-0.4379999935626983
-2.032999992370605,1.1419999599456787,-0.5170000195503235
-1.7130000591278076,1.3279999494552612,-0.6140000224113464
-1.3869999647140503,1.5299999713897705,-0.5580000281333923
-1.2029999494552612,1.7200000286102295,-0.3680000007152557
-0.8849999904632568,1.7979999780654907,-0.123999997973442
-0.9190000295639038,1.4010000228881836,0.3869999945163727
-1.156999945640564,1.1380000114440918,0.4079999923706054
-1.3309999704360962,0.8429999947547913,0.0989999994635582
-1.506999969482422,0.5450000166893005,-0.2440000027418136
-1.6660000085830688,0.5910000205039978,-0.6309999823570251
-1.7970000505447388,0.5730000138282776,-1.1670000553131104
-1.7350000143051147,0.6370000243186951,-1.475000023841858
-1.5609999895095823,0.6859999895095825,-1.812999963760376
-1.1610000133514404,0.8529999852180481,-1.8830000162124636
-0.9890000224113464,0.8820000290870667,-1.85699999332428
-0.6299999952316284,0.8610000014305115,-1.8739999532699585
-0.3689999878406524,0.8410000205039978,-1.5809999704360962
-0.3109999895095825,0.5870000123977661,-1.434000015258789
-0.527999997138977,0.5400000214576721,-1.2940000295639038
-0.75,0.4769999980926513,-1.3009999990463257
-0.8259999752044678,0.3810000121593475,-1.4199999570846558
-1.0149999856948853,0.3810000121593475,-1.281000018119812
-0.5550000071525574,0.375,-0.781000018119812
-0.3449999988079071,0.2169999927282333,-0.4650000035762787
-0.1070000007748603,0.1369999945163726,-0.1560000032186508
-0.2049999982118606,0.0219999998807907,-0.1669999957084655
-0.2980000078678131,-0.0109999999403953,-0.4099999964237213
-0.4250000119209289,0.006000000052154,-0.4729999899864197
-0.3019999861717224,0.1150000020861625,-0.5849999785423279
0.0170000009238719,0.0879999995231628,-0.7260000109672546
0.4550000131130218,0.0850000008940696,-0.7329999804496765
0.9449999928474426,0.135000005364418,-0.2689999938011169
1.4170000553131104,0.2269999980926513,0.5040000081062317
2.0420000553131104,0.1720000058412552,1.496999979019165
2.3919999599456787,0.1150000020861625,2.563999891281128
2.6489999294281006,0.0949999988079071,3.4600000381469727
2.157999992370605,-0.1860000044107437,4.390999794006348
1.6269999742507937,-0.4199999868869781,4.38700008392334
1.4550000429153442,-0.5170000195503235,3.661999940872192
1.3899999856948853,-0.6320000290870667,3.009000062942505
1.491000056266785,-0.6600000262260437,2.194000005722046
1.7089999914169312,-0.5789999961853027,1.4509999752044678
1.909000039100647,-0.4979999959468841,0.7630000114440918
2.0269999504089355,-0.3370000123977661,0.152999997138977
2.0,-0.0879999995231628,-0.2980000078678131
1.906999945640564,0.1089999973773956,-0.9079999923706056
1.6740000247955322,0.0610000006854534,-1.4630000591278076
1.3279999494552612,0.0320000015199184,-1.955999970436096
0.9200000166893004,-0.0520000010728836,-2.483999967575073
0.3860000073909759,-0.0689999982714653,-2.865000009536743
0.1959999948740005,-0.0359999984502792,-3.059999942779541
0.1159999966621398,0.0680000036954879,-3.025000095367432
0.0379999987781047,0.2049999982118606,-2.740999937057495
0.0869999974966049,0.1979999989271164,-2.380000114440918
0.0579999983310699,0.0640000030398368,-1.9079999923706052
0.025000000372529,-0.1420000046491623,-1.5149999856948853
-0.0299999993294477,-0.2750000059604645,-0.9860000014305116
-0.1829999983310699,-0.4300000071525574,-0.621999979019165
-0.1580000072717666,-0.5770000219345093,-0.1539999991655349
-0.1070000007748603,-0.6690000295639038,0.1850000023841858
0.1959999948740005,-0.6549999713897705,0.4429999887943268
0.5630000233650208,-0.7070000171661377,0.6570000052452087
0.6819999814033508,-0.7369999885559082,0.765999972820282
0.7369999885559082,-0.5659999847412109,0.875
0.7250000238418579,-0.4199999868869781,0.7559999823570251
0.6349999904632568,-0.3160000145435333,0.6549999713897705
0.8240000009536743,-0.1070000007748603,0.5630000233650208
1.0299999713897705,-0.0189999993890523,0.481000006198883
1.4210000038146973,-0.0410000011324882,0.5950000286102295
1.5920000076293943,-0.2360000014305114,0.7710000276565552
1.4709999561309814,-0.221000000834465,0.9570000171661376
1.0920000076293943,-0.421999990940094,1.118000030517578
0.4650000035762787,-0.4199999868869781,1.5230000019073486
-0.1879999935626983,-0.3370000123977661,1.5779999494552612
-0.7730000019073486,-0.2790000140666961,1.6150000095367432
-0.8220000267028809,-0.1770000010728836,1.7309999465942385
-0.5860000252723694,-0.0700000002980232,1.6820000410079956
-0.2440000027418136,0.0719999969005584,1.5820000171661377
0.1790000051259994,0.3479999899864197,1.600000023841858
0.7590000033378601,0.6890000104904175,1.5199999809265137
1.38100004196167,0.8379999995231628,1.35099995136261
2.132999897003174,1.0889999866485596,1.9179999828338623
2.009999990463257,0.9269999861717224,2.2300000190734863
1.5019999742507937,0.6269999742507935,2.440999984741211
0.656000018119812,0.2730000019073486,2.38700008392334
-0.2800000011920929,-0.050000000745058,2.0420000553131104
-1.5149999856948853,-0.3810000121593475,1.406999945640564
-2.336999893188477,-0.628000020980835,0.6850000023841858
-3.055999994277954,-0.6190000176429749,-0.1829999983310699
-3.309999942779541,-0.4650000035762787,-0.6959999799728394
-3.282000064849853,-0.0740000009536743,-1.312000036239624
-2.872999906539917,0.2450000047683715,-1.4229999780654907
-2.344000101089477,0.6230000257492065,-1.3359999656677246
-1.8669999837875368,0.9200000166893004,-1.253000020980835
-1.524999976158142,1.2380000352859497,-1.0579999685287476
-1.2640000581741333,1.371000051498413,-1.0210000276565552
-1.0049999952316284,1.337000012397766,-0.9039999842643738
-1.0880000591278076,1.2649999856948853,-0.6079999804496765
-1.1119999885559082,0.9829999804496764,-0.3799999952316284
-1.097000002861023,0.7009999752044678,-0.2160000056028366
-1.0429999828338623,0.2980000078678131,-0.0240000002086162
-1.2059999704360962,0.1199999973177909,0.1969999969005584
-1.25,-0.1000000014901161,0.0710000023245811
-1.4470000267028809,-0.1940000057220459,-0.06700000166893
-1.6540000438690186,-0.3470000028610229,-0.2370000034570694
-1.7979999780654907,-0.3600000143051147,-0.6840000152587891
-1.6779999732971191,-0.257999986410141,-1.1469999551773071
-1.399999976158142,-0.2339999973773956,-1.6109999418258667
-0.8980000019073486,-0.0780000016093254,-2.005000114440918
-0.593999981880188,0.0680000036954879,-2.187999963760376
-0.2899999916553497,0.1459999978542328,-2.0999999046325684
-0.0179999992251396,0.3009999990463257,-1.809000015258789
0.096000000834465,0.4120000004768371,-1.6100000143051147
0.2680000066757202,0.6700000166893005,-1.2029999494552612
0.1620000004768371,0.7450000047683716,-0.8489999771118164
0.1270000040531158,0.640999972820282,-0.4839999973773956
0.0820000022649765,0.5379999876022339,-0.1809999942779541
-0.0149999996647238,0.5019999742507935,0.2770000100135803
-0.1369999945163726,0.4199999868869781,0.6970000267028809
-0.1040000021457672,0.4230000078678131,0.8209999799728394
0.1909999996423721,0.4469999969005584,0.8339999914169312
0.5419999957084656,0.5730000138282776,0.6510000228881836
0.8100000023841858,0.5590000152587891,0.3589999973773956
1.1469999551773071,0.4720000028610229,0.1159999966621398
1.3250000476837158,0.3919999897480011,0.0350000001490116
1.7660000324249268,0.0759999975562095,0.363999992609024
2.2790000438690186,-0.0540000014007091,1.1380000114440918
2.752000093460083,0.0099999997764825,2.122999906539917
2.757999897003174,-0.1040000021457672,3.0
2.7309999465942383,-0.1539999991655349,3.859999895095825
2.496999979019165,-0.4629999995231628,3.9609999656677246
1.9809999465942385,-0.8270000219345093,3.75600004196167
1.628000020980835,-1.1299999952316284,3.365999937057495
1.3760000467300415,-1.2549999952316284,2.8570001125335693
1.1710000038146973,-1.2050000429153442,2.289999961853028
1.368000030517578,-1.008999943733215,1.656000018119812
1.5529999732971191,-0.8330000042915344,1.1150000095367432
1.63100004196167,-0.6769999861717224,0.5809999704360962
1.7009999752044678,-0.6209999918937683,0.231000006198883
1.6139999628067017,-0.4250000119209289,0.0689999982714653
1.8420000076293943,-0.5,-0.2269999980926513
1.7280000448226929,-0.5860000252723694,-0.3770000040531158
1.7949999570846558,-0.7279999852180481,-0.6399999856948853
1.5410000085830688,-0.9549999833106996,-0.9290000200271606
1.4170000553131104,-1.055999994277954,-0.8230000138282776
1.1059999465942385,-0.8799999952316284,-0.550000011920929
0.7889999747276306,-0.8389999866485596,-0.270000010728836
0.5960000157356262,-0.5809999704360962,-0.06700000166893
0.414000004529953,-0.6330000162124634,-0.0140000004321336
0.3930000066757202,-0.6650000214576721,-0.2460000067949295
0.3729999959468841,-0.8069999814033508,-0.3989999890327453
0.3569999933242798,-0.9639999866485596,-0.5860000252723694
0.3389999866485595,-1.1619999408721924,-0.9710000157356262
0.4979999959468841,-0.9829999804496764,-1.253999948501587
0.5379999876022339,-0.8740000128746033,-1.4780000448226929
0.5720000267028809,-0.6970000267028809,-1.5269999504089355
0.5519999861717224,-0.5059999823570251,-1.597000002861023
0.4370000064373016,-0.5059999823570251,-1.4359999895095823
0.5550000071525574,-0.4769999980926513,-1.383999943733215
0.449999988079071,-0.5139999985694885,-1.3300000429153442
0.5149999856948853,-0.6309999823570251,-1.1430000066757202
0.531000018119812,-0.7129999995231628,-1.2599999904632568
0.5630000233650208,-0.8320000171661377,-1.2799999713897705
0.5820000171661377,-0.9480000138282776,-1.4010000228881836
0.4510000050067901,-0.9950000047683716,-1.3700000047683716
0.3210000097751617,-0.8140000104904175,-1.3339999914169312
0.1609999984502792,-0.6389999985694885,-1.1790000200271606
0.0769999995827674,-0.1070000007748603,-0.9990000128746032
0.090999998152256,0.3729999959468841,-0.703000009059906
-0.096000000834465,0.574999988079071,-0.4040000140666961
0.0010000000474974,0.5370000004768372,-0.3740000128746032
0.19200000166893,0.5249999761581421,-0.1120000034570694
0.4099999964237213,0.4390000104904175,0.2899999916553497
0.6359999775886536,0.3350000083446502,0.8059999942779541
0.6800000071525574,0.1759999990463256,1.4559999704360962
0.4799999892711639,0.0089999996125698,1.99399995803833
0.1000000014901161,-0.1140000000596046,2.4059998989105225
-0.5130000114440918,-0.2770000100135803,2.571000099182129
-0.8799999952316284,-0.3659999966621399,2.562000036239624
-1.3049999475479126,-0.4350000023841858,2.525000095367432
-1.4529999494552612,-0.335999995470047,2.2890000343322754
-1.2769999504089355,-0.2039999961853027,1.9529999494552608
-0.8299999833106995,-0.3179999887943268,1.8669999837875368
-0.4370000064373016,-0.0120000001043081,1.9290000200271609
-0.0270000007003545,0.0659999996423721,2.071000099182129
0.0850000008940696,-0.0020000000949949,2.313999891281128
-0.3759999871253967,-0.1099999994039535,2.5190000534057617
-0.8889999985694885,-0.3930000066757202,2.5450000762939453
-1.4780000448226929,-0.7929999828338623,2.345000028610229
-1.968999981880188,-1.097000002861023,1.9980000257492063
-2.694000005722046,-1.0579999685287476,1.5470000505447388
-2.7790000438690186,-0.8889999985694885,1.371000051498413
-2.719000101089477,-0.546999990940094,0.9290000200271606
-2.375,-0.3420000076293945,0.4560000002384186
-2.2950000762939453,-0.0970000028610229,0.1609999984502792
-2.240000009536743,0.1309999972581863,-0.2649999856948852
-2.1040000915527344,0.2790000140666961,-0.5789999961853027
-2.122999906539917,0.4399999976158142,-0.871999979019165
-2.2090001106262207,0.4189999997615814,-1.0369999408721924
-2.1989998817443848,0.5360000133514404,-1.0950000286102295
-2.2039999961853027,0.4210000038146972,-1.0470000505447388
-2.1070001125335693,0.3330000042915344,-1.0460000038146973
-1.9170000553131104,0.2759999930858612,-1.0199999809265137
-1.7330000400543213,0.3179999887943268,-0.878000020980835
-1.8910000324249268,0.4070000052452087,-0.5239999890327454
-2.0840001106262207,0.3260000050067901,-0.3470000028610229
-2.0989999771118164,0.4059999883174896,-0.1280000060796737
-2.196000099182129,0.3240000009536743,-0.2860000133514404
-2.140000104904175,0.2469999939203262,-0.5249999761581421
-1.9859999418258667,0.3260000050067901,-0.8510000109672546
-1.7769999504089355,0.3779999911785126,-1.1619999408721924
-1.7020000219345093,0.414000004529953,-1.3389999866485596
-1.493000030517578,0.6150000095367432,-1.50600004196167
-1.2230000495910645,0.7419999837875366,-1.534999966621399
-1.1019999980926514,0.8960000276565552,-1.3550000190734863
-1.1579999923706057,0.902999997138977,-1.0859999656677246
-1.065999984741211,0.9860000014305116,-1.0820000171661377
-1.156000018119812,0.9929999709129332,-1.0269999504089355
-1.3739999532699585,0.8629999756813049,-1.2109999656677246
-1.402999997138977,0.8500000238418579,-1.508999943733215
-1.5770000219345093,0.8650000095367432,-1.4730000495910645
-1.6369999647140503,0.9449999928474426,-1.1820000410079956
-1.5570000410079956,0.9760000109672546,-0.878000020980835
-1.1540000438690186,0.9369999766349792,-0.4749999940395355
-0.6779999732971191,0.7770000100135803,0.061999998986721
-0.0869999974966049,0.5379999876022339,0.6380000114440918
0.550000011920929,-0.1000000014901161,1.0789999961853027
0.248999997973442,-0.5299999713897705,1.309000015258789
-0.2380000054836273,-0.6919999718666077,1.3650000095367432
-1.0099999904632568,-0.7080000042915344,1.2109999656677246
-0.7960000038146973,-0.9100000262260436,0.9259999990463256
-0.4110000133514404,-1.034999966621399,1.0479999780654907
-0.2119999974966049,-1.1540000438690186,1.3869999647140503
0.289000004529953,-1.1039999723434448,1.7940000295639038
0.734000027179718,-1.1419999599456787,2.803999900817871
0.5820000171661377,-1.1399999856948853,2.9679999351501465
0.5210000276565552,-0.9869999885559082,2.844000101089477
0.3529999852180481,-1.0540000200271606,2.5850000381469727
0.3519999980926513,-1.1890000104904177,2.066999912261963
0.4900000095367431,-1.2940000295639038,1.687999963760376
0.6769999861717224,-1.2020000219345093,1.2960000038146973
0.8619999885559082,-1.2209999561309814,1.0260000228881836
1.0360000133514404,-1.0540000200271606,0.7680000066757202
1.190999984741211,-1.003999948501587,0.7419999837875366
1.4450000524520874,-0.6779999732971191,0.781000018119812
1.712000012397766,-0.5789999961853027,0.6019999980926514
1.4670000076293943,-0.4850000143051147,-0.2689999938011169
1.1579999923706057,-0.4650000035762787,-0.8330000042915344
1.0839999914169312,-0.4900000095367431,-1.3919999599456787
0.9399999976158142,-0.4280000030994415,-1.866000056266785
1.0920000076293943,-0.25,-2.178999900817871
0.8610000014305115,-0.2630000114440918,-2.2660000324249268
0.4979999959468841,-0.3039999902248382,-2.039999961853028
0.1599999964237213,-0.3210000097751617,-1.5779999494552612
0.25,-0.3179999887943268,-0.968999981880188
0.8610000014305115,-0.3650000095367431,-0.277999997138977
1.309000015258789,-0.2939999997615814,0.1089999973773956
1.4249999523162842,-0.3039999902248382,0.2720000147819519
1.4919999837875366,-0.4090000092983246,0.2419999986886978
1.371999979019165,-0.5099999904632568,0.135000005364418
1.0989999771118164,-0.4939999878406524,-0.2319999933242797
0.6940000057220459,-0.6389999985694885,-0.5649999976158142
0.3140000104904175,-0.593999981880188,-0.8130000233650208
0.4239999949932098,-0.5789999961853027,-0.9070000052452089
0.5950000286102295,-0.6269999742507935,-0.7009999752044678
0.3910000026226043,-0.7699999809265137,-0.6489999890327454
0.1420000046491623,-0.6000000238418579,-0.4560000002384186
0.1620000004768371,-0.6539999842643738,-0.3160000145435333
0.1490000039339065,-0.4629999995231628,-0.1909999996423721
0.3470000028610229,-0.4639999866485595,-0.1809999942779541
0.4009999930858612,-0.367000013589859,-0.4329999983310699
0.4650000035762787,-0.2319999933242797,-0.2680000066757202
0.4329999983310699,0.0109999999403953,0.3939999938011169
0.2179999947547912,0.2129999995231628,0.99099999666214
0.1040000021457672,0.2630000114440918,1.746999979019165
-0.3989999890327453,0.0939999967813491,2.6989998817443848
-0.6549999713897705,-0.1030000001192092,2.882999897003174
-0.8009999990463257,-0.1490000039339065,2.7090001106262207
-1.2059999704360962,0.1650000065565109,1.496000051498413
-1.2760000228881836,0.5,1.0579999685287476
-1.3530000448226929,0.9629999995231628,0.7889999747276306
-1.2730000019073486,1.2139999866485596,0.8130000233650208
-1.0210000276565552,1.0369999408721924,1.662999987602234
-1.149999976158142,1.02400004863739,2.0309998989105225
-1.465000033378601,0.949999988079071,2.1519999504089355
-1.888000011444092,1.0290000438690186,2.125999927520752
-2.134999990463257,1.1449999809265137,1.944000005722046
-2.260999917984009,1.3930000066757202,1.5399999618530271
-2.242000102996826,1.659000039100647,1.0809999704360962
-2.130000114440918,2.069999933242798,0.3549999892711639
-2.052000045776367,2.1640000343322754,0.1459999978542328
-1.7999999523162842,2.164999961853028,0.1729999929666519
-1.7020000219345093,2.07699990272522,0.1299999952316284
-1.7690000534057615,1.940999984741211,0.0680000036954879
-2.1080000400543213,1.8170000314712524,0.0460000000894069
-2.140000104904175,1.5210000276565552,0.0199999995529651
-2.315999984741211,1.3329999446868896,0.0829999968409538
-2.2669999599456787,1.2970000505447388,0.25
-2.382999897003174,1.184000015258789,0.2730000019073486
-2.463000059127808,1.0440000295639038,0.1480000019073486
-2.4570000171661377,1.0570000410079956,0.328000009059906
-1.6670000553131104,1.506999969482422,0.9039999842643738
-1.1959999799728394,1.7130000591278076,0.4550000131130218
-0.9850000143051147,1.7970000505447388,-0.2000000029802322
-0.8190000057220459,1.7489999532699585,-1.371000051498413
-0.6299999952316284,1.8170000314712524,-1.7760000228881836
-0.2899999916553497,1.85699999332428,-1.6469999551773071
-0.3009999990463257,1.6390000581741333,-1.4869999885559082
-0.3129999935626983,1.3930000066757202,-1.0670000314712524
